국가별,1995,1995,1995,1995,1996,1996,1996,1996,1997,1997,1997,1997,1998,1998,1998,1998,1999,1999,1999,1999,2000,2000,2000,2000,2001,2001,2001,2001,2002,2002,2002,2002,2003,2003,2003,2003,2004,2004,2004,2004,2005,2005,2005,2005,2006,2006,2006,2006,2007,2007,2007,2007,2008,2008,2008,2008,2009,2009,2009,2009,2010,2010,2010,2010,2011,2011,2011,2011,2012,2012,2012,2012,2013,2013,2013,2013,2014,2014,2014,2014,2015,2015,2015,2015,2016,2016,2016,2016,2017,2017,2017,2017,2018,2018,2018,2018,2019,2019,2019,2019,2020,2020,2020,2020,2021,2021,2021,2021,2022,2022,2022,2022,2023,2023,2023,2023
국가별,생산 (exajoules),- 점유율 (%),소비 (exajoules),- 점유율 (%),생산 (exajoules),- 점유율 (%),소비 (exajoules),- 점유율 (%),생산 (exajoules),- 점유율 (%),소비 (exajoules),- 점유율 (%),생산 (exajoules),- 점유율 (%),소비 (exajoules),- 점유율 (%),생산 (exajoules),- 점유율 (%),소비 (exajoules),- 점유율 (%),생산 (exajoules),- 점유율 (%),소비 (exajoules),- 점유율 (%),생산 (exajoules),- 점유율 (%),소비 (exajoules),- 점유율 (%),생산 (exajoules),- 점유율 (%),소비 (exajoules),- 점유율 (%),생산 (exajoules),- 점유율 (%),소비 (exajoules),- 점유율 (%),생산 (exajoules),- 점유율 (%),소비 (exajoules),- 점유율 (%),생산 (exajoules),- 점유율 (%),소비 (exajoules),- 점유율 (%),생산 (exajoules),- 점유율 (%),소비 (exajoules),- 점유율 (%),생산 (exajoules),- 점유율 (%),소비 (exajoules),- 점유율 (%),생산 (exajoules),- 점유율 (%),소비 (exajoules),- 점유율 (%),생산 (exajoules),- 점유율 (%),소비 (exajoules),- 점유율 (%),생산 (exajoules),- 점유율 (%),소비 (exajoules),- 점유율 (%),생산 (exajoules),- 점유율 (%),소비 (exajoules),- 점유율 (%),생산 (exajoules),- 점유율 (%),소비 (exajoules),- 점유율 (%),생산 (exajoules),- 점유율 (%),소비 (exajoules),- 점유율 (%),생산 (exajoules),- 점유율 (%),소비 (exajoules),- 점유율 (%),생산 (exajoules),- 점유율 (%),소비 (exajoules),- 점유율 (%),생산 (exajoules),- 점유율 (%),소비 (exajoules),- 점유율 (%),생산 (exajoules),- 점유율 (%),소비 (exajoules),- 점유율 (%),생산 (exajoules),- 점유율 (%),소비 (exajoules),- 점유율 (%),생산 (exajoules),- 점유율 (%),소비 (exajoules),- 점유율 (%),생산 (exajoules),- 점유율 (%),소비 (exajoules),- 점유율 (%),생산 (exajoules),- 점유율 (%),소비 (exajoules),- 점유율 (%),생산 (exajoules),- 점유율 (%),소비 (exajoules),- 점유율 (%),생산 (exajoules),- 점유율 (%),소비 (exajoules),- 점유율 (%)
세계,75.2,100,76,100,78.8,100,79.8,100,78.8,100,79.3,100,80.9,100,80.8,100,83.2,100,83.1,100,86.4,100,86.4,100,88.5,100,87.5,100,90.5,100,90.1,100,93.8,100,92.6,100,97,100,96.2,100,99.3,100,98.8,100,102.7,100,101.4,100,105.4,100,105.5,100,109.3,100,108.1,100,105.9,100,105.9,100,113.4,100,113.7,100,117.3,100,116.5,100,119.8,100,119.5,100,121.2,100,121.4,100,123.7,100,122.3,100,126.2,100,125.1,100,126.3,100,126.8,100,132.2,100,131.5,100,138.4,100,138,100,142.7,100,140.7,100,139.2,100,139.4,100,145.6,100,144.9,100,145.8,100,144.3,100,146.1,100,144.4,100
대한민국,-,-,0.3,0.4,-,-,0.5,0.5,-,-,0.6,0.7,-,-,0.5,0.6,-,-,0.6,0.7,-,-,0.7,0.8,-,-,0.8,0.8,-,-,0.9,0.9,-,-,0.9,0.9,-,-,1.1,1.1,-,-,1.1,1.1,-,-,1.2,1.1,-,-,1.3,1.2,-,-,1.3,1.2,-,-,1.3,1.1,-,-,1.6,1.3,-,-,1.7,1.4,-,-,1.9,1.5,-,-,2,1.6,-,-,1.8,1.4,-,-,1.6,1.3,-,-,1.7,1.3,-,-,1.8,1.3,-,-,2.1,1.5,-,-,2,1.4,-,-,2.1,1.5,-,-,2.2,1.5,-,-,2.2,1.6,-,-,2.2,1.5
아제르바이잔,0.2,0.3,0.3,0.4,0.2,0.3,0.2,0.3,0.2,0.2,0.2,0.2,0.2,0.2,0.2,0.2,0.2,0.2,0.2,0.2,0.2,0.2,0.2,0.2,0.2,0.2,0.3,0.3,0.2,0.2,0.3,0.3,0.2,0.2,0.3,0.3,0.2,0.2,0.3,0.3,0.2,0.2,0.3,0.3,0.2,0.2,0.4,0.3,0.4,0.3,0.3,0.3,0.6,0.5,0.4,0.3,0.6,0.5,0.3,0.3,0.6,0.5,0.3,0.2,0.6,0.4,0.3,0.3,0.6,0.5,0.3,0.3,0.6,0.5,0.3,0.3,0.7,0.5,0.4,0.3,0.7,0.5,0.4,0.3,0.7,0.5,0.4,0.3,0.6,0.5,0.4,0.3,0.7,0.5,0.4,0.3,0.9,0.6,0.4,0.3,0.9,0.7,0.4,0.3,1.1,0.8,0.5,0.3,1.2,0.8,0.5,0.3,1.3,0.9,0.5,0.4
바레인,0.3,0.3,-,-,0.3,0.3,-,-,0.3,0.4,-,-,0.3,0.4,-,-,0.3,0.4,-,-,0.3,0.4,-,-,0.3,0.4,-,-,0.4,0.4,-,-,0.4,0.4,-,-,0.3,0.4,-,-,0.4,0.4,-,-,0.4,0.4,-,-,0.4,0.4,-,-,0.4,0.4,-,-,0.4,0.4,-,-,0.4,0.4,-,-,0.5,0.4,-,-,0.5,0.4,-,-,0.5,0.5,-,-,0.5,0.5,-,-,0.5,0.4,-,-,0.5,0.4,-,-,0.5,0.4,-,-,0.5,0.4,-,-,0.6,0.4,-,-,0.6,0.4,-,-,0.6,0.4,-,-,0.6,0.4,-,-,0.6,0.4,-,-
방글라데시,0.2,0.3,0.2,0.3,0.3,0.3,0.3,0.3,0.3,0.3,0.3,0.3,0.3,0.3,0.3,0.3,0.3,0.4,0.3,0.4,0.3,0.4,0.3,0.4,0.4,0.4,0.4,0.4,0.4,0.5,0.4,0.5,0.4,0.5,0.4,0.5,0.4,0.5,0.4,0.5,0.5,0.5,0.5,0.5,0.5,0.5,0.5,0.5,0.6,0.5,0.6,0.5,0.6,0.6,0.6,0.6,0.7,0.6,0.7,0.6,0.7,0.6,0.7,0.6,0.7,0.6,0.7,0.6,0.8,0.6,0.8,0.6,0.8,0.6,0.8,0.7,0.8,0.7,0.8,0.7,0.9,0.8,0.9,0.8,1,0.8,1,0.8,1,0.7,1,0.7,1,0.7,1,0.7,0.9,0.7,1.1,0.9,0.9,0.6,1.1,0.8,0.9,0.6,1.1,0.8,0.8,0.6,1,0.7,0.8,0.5,1,0.7
브루나이,0.4,0.6,-,-,0.4,0.5,-,-,0.4,0.5,-,-,0.4,0.5,-,-,0.4,0.5,-,-,0.4,0.5,-,-,0.4,0.5,-,-,0.4,0.5,-,-,0.4,0.5,-,-,0.4,0.5,-,-,0.4,0.4,-,-,0.4,0.4,-,-,0.4,0.4,-,-,0.4,0.4,-,-,0.4,0.4,-,-,0.4,0.4,-,-,0.4,0.4,-,-,0.4,0.4,-,-,0.4,0.4,-,-,0.5,-,-,-,0.5,0.4,-,-,0.5,0.3,-,-,0.5,0.3,-,-,0.5,0.3,-,-,0.5,0.3,-,-,0.5,0.3,-,-,0.4,0.3,-,-,0.4,0.3,-,-,0.4,0.2,-,-
중국,0.7,0.8,0.6,0.8,0.7,0.9,0.7,0.8,0.8,1,0.7,0.9,0.8,1,0.7,0.9,0.9,1.1,0.8,0.9,1,1.1,0.9,1,1.1,1.2,1,1.1,1.2,1.3,1.1,1.2,1.3,1.3,1.2,1.3,1.5,1.5,1.4,1.5,1.8,1.8,1.7,1.7,2.1,2,2.1,2,2.5,2.3,2.6,2.4,2.9,2.6,2.9,2.7,3.1,2.9,3.2,3,3.5,3,3.9,3.4,3.8,3.1,4.9,4,4,3.2,5.4,4.4,4.4,3.5,6.2,4.8,4.7,3.9,6.8,5.4,4.9,3.9,7,5.7,5,3.9,7.5,5.9,5.4,4.1,8.7,6.6,5.8,4.2,10.2,7.4,6.4,4.5,11.1,7.8,7,5,12.1,8.6,7.5,5.2,13.7,9.4,8,5.5,13.6,9.5,8.4,5.8,14.6,10.1
홍콩,-,-,0,0,-,-,0.1,0.1,-,-,0.1,0.1,-,-,0.1,0.1,-,-,0.1,0.1,-,-,0.1,0.1,-,-,0.1,0.1,-,-,0.1,0.1,-,-,0.1,0.1,-,-,0.1,0.1,-,-,0.1,0.1,-,-,0.1,0.1,-,-,0.1,0.1,-,-,0.1,0.1,-,-,0.1,0.1,-,-,0.1,0.1,-,-,0.1,0.1,-,-,0.1,0.1,-,-,0.1,0.1,-,-,0.1,0.1,-,-,0.1,0.1,-,-,0.1,0.1,-,-,0.1,0.1,-,-,0.1,0.1,-,-,0.1,0.1,-,-,0.2,0.1,-,-,0.2,0.1,-,-,0.2,0.1,-,-,0.2,0.1
인도,0.7,0.9,0.7,0.9,0.7,0.9,0.7,0.9,0.8,1,0.8,1,0.8,1.1,0.8,1.1,0.9,1.1,0.9,1.1,0.9,1.1,0.9,1.1,0.9,1.1,0.9,1.1,1,1.1,1,1.1,1,1.1,1,1.1,1,1.1,1.1,1.2,1,1.1,1.2,1.3,1,1,1.3,1.3,1,1,1.4,1.4,1.1,1,1.4,1.4,1.3,1.3,1.8,1.8,1.7,1.6,2.1,2,1.5,1.4,2.2,1.9,1.3,1.2,2,1.8,1.1,1,1.8,1.5,1.1,0.9,1.7,1.5,1,0.8,1.7,1.5,1,0.8,1.8,1.4,1,0.8,1.9,1.5,1,0.7,2.1,1.5,1,0.7,2.1,1.5,0.9,0.6,2.2,1.6,1,0.7,2.2,1.5,1.1,0.7,2.1,1.5,1.1,0.8,2.3,1.6
인도네시아,2.2,2.9,1,1.3,2.3,2.9,1.1,1.3,2.4,3,1.1,1.4,2.4,2.8,1.1,1.3,2.6,3,1.2,1.4,2.5,2.7,1.2,1.2,2.5,2.5,1.2,1.3,2.7,2.7,1.3,1.3,2.8,2.8,1.4,1.3,2.7,2.6,1.3,1.2,2.7,2.6,1.3,1.2,2.7,2.4,1.3,1.2,2.6,2.3,1.2,1.1,2.7,2.3,1.4,1.1,2.8,2.4,1.5,1.3,3.1,2.6,1.6,1.3,3,2.3,1.5,1.2,2.8,2.1,1.5,1.1,2.8,2.1,1.5,1.1,2.8,2.1,1.5,1.1,2.7,2.1,1.6,1.1,2.7,2,1.6,1.1,2.6,1.8,1.6,1.1,2.6,1.9,1.6,1,2.4,1.7,1.6,1.1,2.3,1.6,1.5,1.1,2.3,1.5,1.5,0.9,2.3,1.4,1.6,0.9,2.3,1.6,1.6,1.1
이란,1.1,1.6,1.1,1.6,1.3,1.8,1.3,1.8,1.4,1.9,1.4,1.9,1.6,2.1,1.7,2.2,1.9,2.4,2,2.5,2,2.5,2.1,2.6,2.3,2.7,2.4,2.9,2.7,3.1,2.8,3.3,2.8,3.1,2.9,3.3,3.3,3.6,3.4,3.7,3.5,3.7,3.5,3.7,3.8,3.9,3.8,3.9,4.2,4.2,4.3,4.2,4.4,4.3,4.5,4.4,4.9,4.8,4.9,4.8,5.2,4.8,5.2,4.8,5.4,4.9,5.5,5,5.6,4.9,5.5,4.9,5.7,4.9,5.5,4.8,6.3,5,6.2,5,6.6,5.4,6.6,5.5,7.2,5.7,7.1,5.6,7.7,6.1,7.4,5.8,7.9,6.2,7.7,5.9,8.2,6.1,7.9,5.7,8.5,6.5,8.5,6.1,8.7,6.4,8.3,6,8.9,6.4,8.6,5.8,9.1,6.2,8.8,6.1
이라크,0.1,0.1,0.1,-,0.1,0.1,0.1,-,0.1,0.1,0.1,-,0.1,0.1,0.1,-,0.1,0.1,0.1,-,0.1,0.1,0.1,-,0.1,0.1,0.1,-,0.1,0.1,0.1,-,0.1,0.1,0.1,-,0,0,0,-,0,0.1,0,-,0,0.1,0,-,0.2,0,0.2,-,0.2,0.1,0.2,-,0.2,0,0.2,-,0.3,0,0.3,-,0.2,0,0.2,-,0.2,0,0.2,-,0.3,0,0.3,-,0.3,0,0.3,-,0.3,0,0.3,-,0.4,0,0.4,-,0.4,0.3,0.4,0.3,0.4,0.3,0.5,0.4,0.4,0.3,0.7,0.5,0.3,0.3,0.7,0.5,0.3,0.2,0.6,0.4,0.3,0.2,0.7,0.5,0.4,0.2,0.7,0.5
이스라엘,0,-,0,0,0,-,0,0,0,-,0,0,0,-,0,0,0,-,0,0,0,-,0,0,0,-,0,0,0,-,0,0,0,-,0,0,0,-,0,0,0.1,-,0.1,0.1,0.1,-,0.1,0.1,0.1,-,0.1,0.1,0.1,-,0.1,0.1,0.1,-,0.1,0.2,0.1,-,0.2,0.2,0.1,-,0.2,0.2,0.1,-,0.1,0.1,0.2,-,0.2,0.2,0.3,-,0.3,0.2,0.3,-,0.3,0.2,0.3,-,0.3,0.3,0.3,-,0.4,0.3,0.4,-,0.4,0.3,0.4,-,0.4,0.3,0.5,-,0.4,0.3,0.7,-,0.4,0.3,0.8,-,0.4,0.3,0.8,0.6,0.5,0.3
일본,-,-,2.2,2.7,-,-,2.3,2.8,-,-,2.4,2.9,-,-,2.5,2.9,-,-,2.6,3,-,-,2.7,3,-,-,2.8,3,-,-,2.7,2.9,-,-,3,3.1,-,-,2.9,2.9,-,-,3,2.8,-,-,3.2,2.9,-,-,3.4,3,-,-,3.6,3.1,-,-,3.3,2.9,-,-,3.6,3,-,-,4,3.3,-,-,4.4,3.5,-,-,4.4,3.5,-,-,4.5,3.3,-,-,4.3,3.3,-,-,4.2,3.1,-,-,4.2,3.2,-,-,4.2,3,-,-,3.9,2.8,-,-,3.7,2.7,-,-,3.7,2.6,-,-,3.6,2.5,-,-,3.3,2.3
카자흐스탄,0.2,0.3,0.4,0.5,0.2,0.2,0.3,0.2,0.2,0.3,0.3,0.2,0.2,0.2,0.3,0.2,0.3,0.3,0.3,0.2,0.3,0.3,0.2,0.3,0.3,0.3,0.1,0.3,0.4,0.3,0.1,0.3,0.4,0.4,0.2,0.3,0.6,0.5,0.2,0.2,0.7,0.5,0.2,0.3,0.7,0.5,0.2,0.3,0.8,0.5,0.3,0.3,0.9,0.6,0.3,0.3,0.9,0.5,0.3,0.3,1,0.5,0.3,0.3,1,0.5,0.4,0.3,1,0.5,0.4,0.3,1.1,0.5,0.4,0.3,1.2,0.6,0.5,0.2,1,0.3,0.5,0.2,1.1,0.6,0.5,0.4,1.3,0.7,0.6,0.4,1.4,0.6,0.6,0.5,1.2,0.6,0.7,0.5,1.1,0.8,0.6,0.4,1,0.8,0.8,0.4,1,0.6,0.8,0.6,1.1,0.8,0.8,0.5
쿠웨이트,0.3,0.4,0.3,0.4,0.3,0.4,0.3,0.4,0.3,0.4,0.3,0.4,0.3,0.4,0.3,0.4,0.3,0.4,0.3,0.4,0.3,0.4,0.3,0.4,0.3,0.4,0.3,0.4,0.3,0.4,0.3,0.4,0.3,0.4,0.3,0.4,0.4,0.4,0.4,0.4,0.4,0.4,0.4,0.4,0.4,0.4,0.4,0.4,0.4,0.4,0.4,0.4,0.4,0.4,0.4,0.4,0.4,0.4,0.4,0.4,0.4,0.4,0.5,0.5,0.5,0.4,0.6,0.5,0.5,0.5,0.6,0.5,0.6,0.5,0.6,0.5,0.5,0.5,0.6,0.6,0.6,0.4,0.7,0.6,0.6,0.5,0.8,0.6,0.6,0.5,0.8,0.6,0.6,0.5,0.8,0.6,0.5,0.5,0.7,0.6,0.4,0.4,0.6,0.5,0.4,0.4,0.7,0.6,0.5,0.3,0.8,0.6,0.5,0.3,0.8,0.6
말레이시아,1,1.4,0.5,0.6,1.3,1.5,0.6,0.8,1.5,1.7,0.7,0.7,1.5,1.7,0.7,0.8,1.5,1.7,0.8,0.7,1.8,1.9,1,1,1.8,1.9,1,1,1.8,1.9,1,1,1.9,2,1.1,1,2.2,2,1.2,0.9,2.4,2.2,1.3,1.1,2.4,2.2,1.4,1.2,2.4,2.2,1.5,1.1,2.5,2.1,1.6,1.1,2.4,2.1,1.4,1.1,2.3,2,1.4,1.1,2.4,2,1.4,1,2.5,2,1.5,1,2.6,2,1.6,1,2.6,1.9,1.6,1.2,2.8,1.9,1.7,1.1,2.8,2.1,1.6,1.2,2.9,2.1,1.6,1.2,2.7,1.9,1.6,1.1,2.8,2,1.6,1.1,2.6,1.9,1.6,1,2.8,1.8,1.8,1,3,2,1.9,1.3,2.9,2,1.7,1.1
미얀마,0.1,0.1,-,-,0.1,0.1,-,-,0.1,0.1,-,-,0.1,0.1,-,-,0.1,0.1,-,-,0.1,0.1,-,-,0.2,0.3,-,-,0.3,0.3,-,-,0.3,0.4,-,-,0.4,0.4,-,-,0.4,0.4,-,-,0.4,0.4,-,-,0.5,0.5,-,-,0.4,0.4,-,-,0.4,0.4,-,-,0.4,0.4,-,-,0.5,0.4,-,-,0.5,0.4,-,-,0.5,0.4,-,-,0.6,0.5,-,-,0.7,0.6,-,-,0.7,0.5,-,-,0.6,0.5,-,-,0.6,0.5,-,-,0.7,0.4,-,-,0.6,0.5,-,-,0.6,0.4,-,-,0.6,0.4,-,-,0.5,0.4,-,-
오만,0.1,0.2,0.1,-,0.1,0.2,0.1,-,0.2,0.2,0.2,-,0.2,0.2,0.2,-,0.2,0.2,0.2,-,0.4,0.4,0.3,-,0.6,0.6,0.3,-,0.6,0.6,0.3,-,0.7,0.6,0.3,-,0.7,0.7,0.4,-,0.8,0.7,0.4,-,0.9,0.8,0.4,-,0.9,0.8,0.4,-,0.9,0.8,0.5,-,0.9,0.8,0.5,-,0.9,0.8,0.6,-,1,0.8,0.7,-,1,0.9,0.7,-,1.1,0.9,0.8,-,1.1,0.8,0.8,-,1.1,1,0.8,-,1.1,1,0.8,-,1.2,0.9,0.8,0.6,1.3,0.9,0.9,0.6,1.3,0.9,0.9,0.6,1.3,1,0.9,0.7,1.4,1,1,0.7,1.5,1,1,0.7,1.6,1.1,1.1,0.7
파키스탄,0.5,0.7,0.5,0.7,0.5,0.8,0.5,0.8,0.5,0.8,0.5,0.8,0.5,0.8,0.5,0.8,0.6,0.9,0.6,0.9,0.6,0.9,0.6,0.9,0.7,0.9,0.7,0.9,0.7,1,0.7,1,0.9,1.2,0.9,1.2,1.1,1.3,1.1,1.3,1.2,1.3,1.2,1.3,1.2,1.2,1.2,1.3,1.2,1.2,1.2,1.2,1.2,1.2,1.2,1.2,1.2,1.3,1.2,1.3,1.3,1.2,1.3,1.2,1.3,1.2,1.3,1.2,1.3,1.2,1.3,1.2,1.3,1.1,1.3,1.1,1.3,1.2,1.3,1.2,1.3,1.2,1.3,1.2,-,1.2,0.1,1.3,1.2,0.9,1.5,1.1,1.2,0.9,1.6,1.1,1.2,0.8,1.6,1.2,1.1,0.8,1.5,1.1,1.2,0.8,1.6,1.1,1,0.7,1.4,1,1,0.7,1.4,0.9
필리핀,-,-,0,0,-,-,0,0,-,-,0,0,-,-,0,0,-,-,0,0,-,-,0,0,-,-,0,0,-,-,0.1,0.1,-,-,0.1,0.1,-,-,0.1,0.1,-,-,0.1,0.1,-,-,0.1,0.1,-,-,0.1,0.1,-,-,0.1,0.1,-,-,0.1,0.1,-,-,0.1,0.1,-,-,0.1,0.1,-,-,0.1,0.1,-,-,0.1,0.1,-,-,0.1,0.1,-,-,0.1,0.1,-,-,0.1,0.1,-,-,0.1,0.1,-,-,0.1,0.1,-,-,0.2,0.1,-,-,0.1,0.1,-,-,0.1,0.1,-,-,0.1,0.1,-,-,0.1,0.1
카타르,0.3,0.6,0.5,0.6,0.3,0.6,0.3,0.6,0.5,0.8,0.4,0.7,0.6,0.9,0.4,0.6,0.8,0.9,0.5,0.6,0.9,1,0.4,0.4,1,1.1,0.4,0.4,1.1,1.2,0.4,0.4,1.2,1.2,0.5,0.5,1.5,1.4,0.6,0.6,1.7,1.6,0.6,0.7,1.9,1.8,0.6,0.7,2.4,2.1,0.7,0.7,2.9,2.5,0.7,0.6,3.3,3,0.8,0.7,4.4,3.6,0.9,0.6,5.4,4.4,1,0.7,5.9,4.5,1.2,0.7,6,4.7,1.3,0.8,6.1,5.1,1.4,1.3,6.3,5.1,1.6,1.3,6.3,5.1,1.5,1.2,6.1,4.8,1.5,1.3,6.3,4.5,1.5,1.1,6.4,4.5,1.5,1,6.3,4.4,1.4,0.9,6.4,4.4,1.4,1,6.4,4.4,1.5,0.9,6.5,4.5,1.6,1.1
사우디아라비아,1.5,2,1.5,2,1.5,2,1.5,2,1.6,2,1.6,2,1.6,2.1,1.6,2.1,1.6,2,1.6,2,1.7,2.1,1.7,2.1,1.8,2.2,1.8,2.2,1.9,2.2,1.9,2.2,2.1,2.3,2.1,2.3,2.2,2.4,2.2,2.4,2.4,2.6,2.4,2.6,2.5,2.5,2.5,2.6,2.5,2.5,2.5,2.5,2.8,2.6,2.8,2.6,2.7,2.6,2.7,2.6,3,2.7,3,2.8,3.2,2.8,3.2,2.8,3.4,3,3.4,3,3.4,3,3.4,3.1,3.5,3.1,3.5,3.2,3.6,3,3.6,3.1,3.8,3.1,3.8,3.1,3.9,3,3.9,3,4,2.9,4,2.9,4,2.8,4,2.9,4.1,2.9,4.1,2.9,4.1,2.9,4.1,2.9,4.2,3,4.2,3.1,4.1,2.8,4.1,2.8
싱가포르,-,-,0.1,0.1,-,-,0.1,0.1,-,-,0.1,0.1,-,-,0.1,0.1,-,-,0.1,0.1,-,-,0.1,0,-,-,0.2,0,-,-,0.2,0.1,-,-,0.2,0.2,-,-,0.2,0.2,-,-,0.2,0.2,-,-,0.3,0.2,-,-,0.3,0.3,-,-,0.3,0.3,-,-,0.3,0.3,-,-,0.3,0.3,-,-,0.3,0.3,-,-,0.3,0.3,-,-,0.4,0.3,-,-,0.4,0.3,-,-,0.4,0.3,-,-,0.4,0.4,-,-,0.4,0.3,-,-,0.4,0.3,-,-,0.5,0.3,-,-,0.5,0.3,-,-,0.5,0.3,-,-,0.5,0.3,-,-,0.4,0.3
시리아,0.1,0.1,-,-,0.1,0.1,-,-,0.2,0.2,-,-,0.2,0.2,-,-,0.2,0.2,-,-,0.2,0.2,-,-,0.2,0.2,-,-,0.2,0.2,-,-,0.2,0.2,-,-,0.2,0.2,-,-,0.2,0.2,-,-,0.2,0.2,-,-,0.2,0.2,-,-,0.2,0.2,-,-,0.2,0.2,-,-,0.3,0.3,-,-,0.3,0.2,-,-,0.2,0.2,-,-,0.2,0.1,-,-,0.2,0.1,-,-,0.1,0.1,-,-,0.1,0.1,-,-,0.1,0.1,-,-,0.1,0.1,-,-,0.1,0.1,-,-,0.1,0.1,-,-,0.1,0.1,-,-,0.1,0.1,-,-,0.1,0.1,-,-
대만,-,-,0.2,0.2,-,-,0.2,0.2,-,-,0.2,0.2,-,-,0.2,0.2,-,-,0.2,0.2,-,-,0.2,0.3,-,-,0.3,0.3,-,-,0.3,0.3,-,-,0.3,0.3,-,-,0.4,0.3,-,-,0.4,0.3,-,-,0.4,0.4,-,-,0.4,0.4,-,-,0.5,0.4,-,-,0.4,0.4,-,-,0.6,0.4,-,-,0.6,0.5,-,-,0.6,0.5,-,-,0.6,0.5,-,-,0.7,0.5,-,-,0.7,0.5,-,-,0.8,0.5,-,-,0.8,0.6,-,-,0.9,0.6,-,-,0.8,0.6,-,-,0.9,0.7,-,-,1,0.7,-,-,1,0.7,-,-,1,0.7
태국,0.4,0.5,0.4,0.5,0.5,0.6,0.4,0.6,0.6,0.7,0.6,0.7,0.7,0.8,0.6,0.8,0.7,0.8,0.7,0.8,0.8,0.8,0.8,0.9,0.7,0.8,0.9,1,0.8,0.8,1,1.1,0.8,0.8,1,1.1,0.8,0.8,1.1,1.1,0.9,0.8,1.2,1.2,0.9,0.8,1.2,1.2,1,0.9,1.3,1.2,1.1,0.9,1.3,1.2,1.1,1,1.4,1.3,1.2,1.1,1.6,1.4,1.2,1.1,1.6,1.4,1.4,1.2,1.8,1.5,1.4,1.2,1.8,1.6,1.4,1.2,1.8,1.5,1.3,1.1,1.8,1.5,1.3,1.1,1.8,1.4,1.3,1.1,1.8,1.4,1.3,1,1.8,1.3,1.3,0.9,1.8,1.3,1.2,0.8,1.7,1.2,1.1,0.8,1.7,1.2,0.9,0.6,1.6,1.1,0.9,0.6,1.7,1.2
튀르키예,-,-,0.2,0.3,-,-,0.3,0.4,-,-,0.3,0.4,-,-,0.4,0.5,-,-,0.4,0.5,-,-,0.5,0.6,-,-,0.6,0.7,-,-,0.6,0.7,-,-,0.7,0.8,-,-,0.8,0.8,-,-,0.9,1,-,-,1.1,1.1,-,-,1.2,1.2,-,-,1.3,1.2,-,-,1.2,1.2,-,-,1.3,1.2,-,-,1.5,1.4,-,-,1.6,1.4,-,-,1.6,1.4,-,-,1.7,1.4,-,-,1.7,1.3,-,-,1.6,1.2,-,-,1.9,1.4,-,-,1.7,1.2,-,-,1.6,1.1,-,-,1.7,1.2,-,-,2.1,1.4,-,-,1.8,1.3,-,-,1.7,1.2
투르크메니스탄,1,1.4,0.3,0.4,1.1,1.4,0.4,0.4,0.6,0.7,0.3,0.4,0.4,0.5,0.4,0.4,0.7,0.9,0.3,0.5,1.5,1.8,0.3,0.5,1.7,1.9,0.4,0.5,1.7,1.9,0.3,0.5,1.9,2,0.4,0.5,1.9,1.9,0.4,0.6,2,2,0.4,0.6,2,2.1,0.4,0.6,2.2,2.2,0.4,0.7,2.2,2.1,0.3,0.7,1.2,1.2,0.6,0.7,1.4,1.3,0.7,0.7,2,1.8,0.7,0.7,2.1,1.9,0.8,0.8,2.1,1.8,0.7,0.7,2.3,2,0.7,0.8,2.4,2,0.9,1,2.3,1.9,0.9,0.8,2.1,1.7,0.9,0.8,2.2,1.6,1,0.7,2.3,1.6,1,0.8,2.4,1.5,1.2,0.8,2.9,2,1.3,0.9,2.8,1.9,1.4,1,2.7,1.9,1.3,0.9
아랍에미리트,1.1,1.5,0.9,1.2,1.2,1.5,1,1.2,1.3,1.6,1,1.3,1.3,1.6,1.1,1.3,1.4,1.6,1.1,1.4,1.3,1.6,1.1,1.3,1.4,1.8,1.1,1.5,1.5,1.7,1.3,1.4,1.6,1.7,1.3,1.5,1.6,1.7,1.4,1.5,1.7,1.7,1.5,1.5,1.7,1.7,1.5,1.5,1.8,1.7,1.7,1.7,1.8,1.6,2.1,2,1.7,1.6,2.1,2,1.8,1.6,2.1,1.9,1.8,1.6,2.2,1.9,1.9,1.6,2.3,2,1.9,1.7,2.3,2,1.9,1.7,2.3,2,2.1,1.6,2.6,2,2.1,1.7,2.6,2.2,1.9,1.6,2.4,2,1.7,1.7,2.1,2,1.9,1.6,2.4,1.9,1.9,1.4,2.4,1.8,1.9,1.4,2.4,1.7,2,1.4,2.4,1.8,2,1.4,2.4,1.7
우즈베키스탄,1.6,2.1,1.4,1.9,1.6,2,1.5,1.9,1.6,2.1,1.5,2,1.8,2.2,1.5,2,1.8,2.2,1.7,2.1,1.8,2.1,1.8,1.9,1.9,2.1,1.8,2,1.9,2,1.8,2,1.9,2,1.6,1.8,1.9,2,1.7,1.6,2,1.9,1.7,1.5,2,1.9,1.6,1.5,2.1,2,1.7,1.5,2.2,2,1.6,1.6,2.1,2,1.6,1.5,2.1,1.9,1.6,1.4,2,1.7,1.7,1.5,2,1.7,1.7,1.4,2,1.6,1.7,1.3,2,1.6,1.7,1.4,1.9,1.6,1.7,1.4,1.9,1.8,1.6,1.4,1.9,1.5,1.6,1.1,2.1,1.5,1.6,1.1,2.1,1.4,1.6,1.1,1.7,1.2,1.6,1.1,1.8,1.3,1.7,1.1,1.8,1.2,1.7,1.2,1.6,1.1,1.7,1.2
베트남,0,0,0,0,0,0,0,0,0,0,0,0,0,0,0,0,0,0.1,0,0.1,0.1,0.1,0.1,0.1,0.1,0.1,0.1,0.1,0.1,0.1,0.1,0.1,0.1,0.1,0.1,0.1,0.1,0.2,0.1,0.2,0.2,0.2,0.2,0.2,0.2,0.2,0.2,0.2,0.2,0.2,0.2,0.2,0.3,0.2,0.3,0.2,0.3,0.3,0.3,0.3,0.3,0.3,0.3,0.3,0.3,0.3,0.3,0.3,0.3,0.3,0.3,0.3,0.3,0.3,0.3,0.3,0.4,-,0.4,0.3,0.4,0.3,0.4,0.3,0.4,0.3,0.4,0.3,0.3,0.3,0.3,0.3,0.3,0.2,0.3,0.3,0.4,0.2,0.4,0.3,0.3,0.2,0.3,0.2,0.3,0.2,0.3,0.2,0.3,0.2,0.3,0.2,0.3,0.2,0.3,0.2
예멘,-,-,-,-,-,-,-,-,-,-,-,-,-,-,-,-,-,-,-,-,-,-,-,-,-,-,-,-,-,-,-,-,-,-,-,-,-,-,-,-,-,-,-,-,-,-,-,-,-,-,-,-,-,-,-,-,-,0,-,-,-,0.2,-,-,-,0.3,-,-,-,0.2,-,-,-,0.3,-,-,-,0.3,-,-,-,0.1,-,-,-,0,-,-,-,0,-,-,-,0,-,-,-,0,-,-,-,0,-,-,-,0,-,-,-,0,-,-,-,-,-,-
캐나다,5.5,7.5,2.8,3.9,5.5,7.5,2.8,3.9,5.8,7.6,2.9,3.9,6,7.6,2.8,3.7,6.1,7.6,3,3.8,6.3,7.5,3.2,3.8,6.5,7.5,3,3.6,6.5,7.4,3.1,3.6,6.3,7,3.2,3.7,6.4,6.8,3.2,3.5,6.4,6.7,3.2,3.5,6.5,6.5,3.1,3.4,6.3,6.1,3.4,3.2,6,5.7,3.3,3.2,5.6,5.5,3.2,3.2,5.4,5,3.3,3,5.4,4.8,3.6,3.1,5.4,4.7,3.6,3,5.5,4.6,3.8,3.1,5.7,4.7,4,3.1,5.8,4.6,4,2.9,5.9,4.3,3.8,2.8,6.2,4.8,3.9,3.2,6.4,4.8,4.2,3,6.1,4.3,4.3,3.1,6,4.3,4.2,2.9,6.2,4.3,4.3,3,6.7,4.6,4.5,3.1,6.8,4.7,4.3,3
멕시코,1.1,1.4,1.1,1.5,1.1,1.5,1.1,1.5,1.1,1.6,1.1,1.6,1.2,1.6,1.2,1.7,1.2,1.6,1.2,1.7,1.2,1.6,1.3,1.7,1.2,1.6,1.3,1.7,1.2,1.6,1.5,1.8,1.3,1.6,1.6,2,1.3,1.6,1.7,2,1.6,1.9,1.9,2.2,1.7,2,2.1,2.3,1.7,1.8,2.1,2.1,1.7,1.7,2.2,2.2,1.9,2,2.3,2.4,1.8,1.8,2.4,2.3,1.9,1.8,2.5,2.4,1.8,1.7,2.7,2.4,1.9,1.7,2.8,2.5,1.8,1.7,2.8,2.5,1.7,1.5,2.9,2.4,1.6,1.3,3,2.5,1.4,1.1,3.1,2.4,1.4,1,3.2,2.3,1.3,0.9,3.4,2.3,1.3,0.8,3.3,2.3,1.2,0.7,3.3,2.2,1.2,1,3.3,2.5,1.3,0.9,3.5,2.4
미국,18.1,25.2,21.5,29.7,18.4,24.4,21.9,28.8,18.4,24.4,22.1,29.1,18.6,24.1,21.7,28.1,18.4,23.2,21.8,27.6,18.7,22.8,22.6,27.6,19.1,22.7,21.6,25.9,18.4,21.5,22.3,26,18.6,20.9,21.7,24.5,18.1,19.7,21.8,23.8,17.6,18.6,21.4,22.8,18.1,18.4,21.1,21.9,18.8,18.6,22.5,22.4,19.7,18.8,22.6,22,20.1,19.8,22.2,22.1,20.7,19.1,23.3,21.6,22.2,19.9,23.7,21.6,23.4,20.6,24.8,22,23.6,20.6,25.5,22.2,25.4,21.4,26,22.7,26.7,22,26.8,22.8,26.2,21.5,27,22.4,26.9,20,26.6,20.1,30.3,21.5,29.6,21.2,33.4,23.1,30.6,21.5,33.3,23.7,30,21.8,34,23.1,30.1,20.5,35.8,24.2,31.7,22.4,37.3,25.5,31.9,22.1
아르헨티나,0.9,1.2,0.9,1.3,1,1.3,1.1,1.4,1,1.2,1,1.3,1,1.3,1.1,1.3,1.2,1.5,1.1,1.4,1.3,1.5,1.2,1.4,1.3,1.5,1.1,1.3,1.3,1.4,1.1,1.2,1.4,1.6,1.2,1.3,1.6,1.7,1.3,1.4,1.6,1.6,1.4,1.5,1.6,1.6,1.5,1.5,1.6,1.5,1.5,1.5,1.5,1.4,1.6,1.5,1.5,1.4,1.5,1.5,1.4,1.3,1.5,1.4,1.4,1.2,1.6,1.4,1.3,1.1,1.6,1.4,1.2,1.1,1.7,1.4,1.2,1,1.7,1.4,1.3,1,1.7,1.4,1.3,1.1,1.7,1.4,1.3,1,1.7,1.3,1.4,1,1.8,1.3,1.5,1,1.7,1.2,1.4,1,1.6,1.1,1.4,1,1.7,1.1,1.5,1,1.7,1.2,1.5,1,1.6,1.1
볼리비아,0.1,0.1,-,-,0.1,0.1,-,-,0.1,0.1,-,-,0.1,0.1,-,-,0.1,0.1,-,-,0.1,0.1,-,-,0.2,0.2,-,-,0.2,0.2,-,-,0.2,0.2,-,-,0.3,0.4,-,-,0.4,0.4,-,-,0.4,0.4,-,-,0.5,0.5,-,-,0.5,0.5,-,-,0.4,0.4,-,-,0.5,0.4,-,-,0.5,0.5,-,-,0.6,0.5,-,-,0.7,0.6,-,-,0.7,0.6,-,-,0.7,0.6,-,-,0.7,0.6,-,-,0.7,0.5,-,-,0.6,0.4,-,-,0.5,0.4,-,-,0.5,0.4,-,-,0.5,0.4,-,-,0.5,0.3,-,-,0.4,0.3,-,-
브라질,0.2,0.2,0.2,0.2,0.2,0.2,0.2,0.2,0.2,0.3,0.2,0.3,0.2,0.3,0.2,0.3,0.3,0.3,0.3,0.3,0.3,0.3,0.3,0.4,0.3,0.3,0.4,0.5,0.3,0.4,0.5,0.6,0.4,0.4,0.6,0.6,0.4,0.4,0.7,0.7,0.4,0.4,0.7,0.7,0.4,0.4,0.8,0.7,0.4,0.4,0.8,0.7,0.5,0.5,0.9,0.8,0.4,0.4,0.7,0.7,0.5,0.5,1,0.8,0.6,0.5,1,0.8,0.7,0.6,1.2,1,0.8,0.6,1.4,1.1,0.8,0.6,1.5,1.2,0.9,0.6,1.5,1.2,0.9,0.7,1.3,1,1,0.7,1.4,1,0.9,0.7,1.3,0.9,0.9,0.6,1.3,0.9,0.9,0.6,1.1,0.8,0.9,0.6,1.5,1,0.8,0.6,1.2,0.8,0.8,0.6,1.1,0.7
칠레,-,-,0.1,0.1,-,-,0.1,0.1,-,-,0.1,0.1,-,-,0.1,0.2,-,-,0.2,0.2,-,-,0.3,0.3,-,-,0.3,0.3,-,-,0.3,0.3,-,-,0.3,0.3,-,-,0.3,0.3,-,-,0.3,0.3,-,-,0.3,0.3,-,-,0.2,0.2,-,-,0.1,0.1,-,-,0.1,0.1,-,-,0.2,0.2,-,-,0.2,0.2,-,-,0.2,0.2,-,-,0.2,0.1,-,-,0.2,0.1,-,-,0.2,0.1,-,-,0.2,0.1,-,-,0.2,0.2,-,-,0.2,0.2,-,-,0.2,0.2,-,-,0.2,0.2,-,-,0.2,0.2,-,-,0.3,0.2,-,-,0.3,0.2
콜롬비아,0.2,0.2,0.1,0.2,0.2,0.2,0.2,0.2,0.2,0.3,0.2,0.3,0.2,0.3,0.2,0.3,0.2,0.2,0.2,0.2,0.2,0.2,0.2,0.2,0.2,0.2,0.2,0.2,0.2,0.2,0.2,0.2,0.2,0.2,0.2,0.2,0.2,0.2,0.2,0.2,0.2,0.2,0.2,0.2,0.2,0.2,0.2,0.2,0.3,0.3,0.3,0.3,0.3,0.3,0.3,0.2,0.4,0.4,0.3,0.3,0.4,0.4,0.3,0.3,0.4,0.3,0.3,0.3,0.4,0.4,0.3,0.3,0.5,0.4,0.4,0.3,0.4,0.3,0.4,0.3,0.4,0.3,0.4,0.3,0.4,0.3,0.4,0.3,0.4,0.3,0.4,0.3,0.4,0.3,0.5,0.3,0.5,0.3,0.5,0.3,0.4,0.3,0.5,0.4,0.5,0.3,0.5,0.3,0.4,0.3,0.5,0.3,0.4,0.3,0.5,0.3
에콰도르,-,-,0,0,-,-,0,0,-,-,0,0,-,-,0,0,-,-,0,0,-,-,0,0,-,-,0,0,-,-,0,0,-,-,0,0,-,-,0,0,-,-,0,0,-,-,0,0,-,-,0,0,-,-,0,0,-,-,0,0,-,-,0,0,-,-,0,0,-,-,0,0,-,-,0,0,-,-,0,0,-,-,0,0,-,-,0,0,-,-,0,0,-,-,0,0,-,-,0,0,-,-,0,0,-,-,0,0,-,-,0,0,-,-,0,0
페루,0,0,0,0,0,0,0,0,0,0,0,0,0,0,0,0,0,0,0,0,0,0,0,0,0,0,0,0,0,0,0,0,0,0,0,0,0,0,0,0,0.1,0.1,0.1,0.1,0.1,0.1,0.1,0.1,0.1,0.1,0.1,0.1,0.1,0.1,0.1,0.1,0.1,0.1,0.1,0.1,0.3,0.2,0.2,0.2,0.4,0.3,0.2,0.2,0.4,0.4,0.2,0.2,0.4,0.4,0.2,0.2,0.5,0.4,0.3,0.2,0.5,0.4,0.3,0.2,0.5,0.4,0.3,0.2,0.5,0.4,0.3,0.2,0.5,0.3,0.3,0.2,0.5,0.3,0.3,0.2,0.5,0.3,0.3,0.2,0.4,0.3,0.3,0.2,0.5,0.3,0.4,0.2,0.6,0.4,0.4,0.3
트리니다드토바고,0.3,0.4,0.3,0.4,0.3,0.4,0.3,0.4,0.3,0.4,0.3,0.4,0.3,0.4,0.3,0.4,0.4,0.5,0.3,0.4,0.5,0.6,0.4,0.4,0.5,0.7,0.4,0.5,0.6,0.8,0.4,0.5,0.9,1,0.5,0.5,1,1.1,0.5,0.5,1.1,1.2,0.6,0.6,1.3,1.4,0.7,0.7,1.4,1.4,0.7,0.7,1.3,1.4,0.7,0.7,1.4,1.5,0.7,0.7,1.5,1.4,0.7,0.7,1.4,1.3,0.7,0.7,1.4,1.3,0.7,0.7,1.4,1.3,0.7,0.7,1.4,1.2,0.7,0.6,1.3,1.1,0.7,0.6,1.1,1,0.6,0.5,1.1,0.9,0.7,0.5,1.2,0.9,0.6,0.4,1.2,0.9,0.6,0.4,1.1,0.8,0.5,0.4,0.9,0.6,0.6,0.4,0.9,0.6,0.6,0.4,0.9,0.6,0.5,0.4
베네수엘라,1.1,1.3,1.1,1.3,1.2,1.3,1.2,1.3,1.2,1.4,1.2,1.4,1.3,1.4,1.3,1.4,1.1,1.2,1.1,1.2,1.1,1.2,1.1,1.2,1.2,1.2,1.2,1.2,1.1,1.1,1.1,1.1,1,1,1,1,1.1,1,1.1,1.1,1.1,1,1.1,1,1.3,1.1,1.3,1.1,1.3,1.2,1.3,1.2,1.2,1.1,1.3,1.1,1.1,1,1.2,1.1,1.1,0.9,1.1,0.9,1.1,0.8,1.2,0.9,1.1,0.9,1.2,0.9,1.1,0.8,1.2,0.9,1.1,0.8,1.2,0.9,1.3,0.9,1.3,1,1.3,1,1.3,1,1.4,1,1.4,1,1.1,0.9,1.1,0.9,0.9,0.7,0.9,0.7,0.8,0.5,0.8,0.5,1,0.6,1,0.6,1,0.7,1,0.7,1.1,0.7,1.1,0.7
오스트리아,-,-,0.3,0.4,-,-,0.3,0.4,-,-,0.3,0.4,-,-,0.3,0.4,-,-,0.3,0.4,-,-,0.3,0.3,-,-,0.3,0.3,-,-,0.3,0.3,-,-,0.3,0.4,-,-,0.3,0.4,-,-,0.3,0.4,-,-,0.3,0.3,-,-,0.3,0.3,-,-,0.3,0.3,-,-,0.3,0.3,-,-,0.3,0.3,-,-,0.3,0.3,-,-,0.3,0.3,-,-,0.3,0.3,-,-,0.3,0.2,-,-,0.3,0.2,-,-,0.3,0.2,-,-,0.3,0.2,-,-,0.3,0.2,-,-,0.3,0.2,-,-,0.3,0.2,-,-,0.3,0.2,-,-,0.3,0.2,-,-,0.2,0.2
벨라루스,-,-,0.4,0.6,-,-,0.4,0.6,-,-,0.5,0.6,-,-,0.5,0.6,-,-,0.5,0.6,-,-,0.5,0.7,-,-,0.5,0.6,-,-,0.6,0.6,-,-,0.6,0.6,-,-,0.7,0.7,-,-,0.7,0.7,-,-,0.7,0.7,-,-,0.7,0.6,-,-,0.7,0.6,-,-,0.6,0.5,-,-,0.7,0.6,-,-,0.7,0.6,-,-,0.7,0.6,-,-,0.7,0.5,-,-,0.7,0.5,-,-,0.6,0.5,-,-,0.6,0.5,-,-,0.7,0.5,-,-,0.7,0.5,-,-,0.7,0.5,-,-,0.6,0.5,-,-,0.7,0.5,-,-,0.7,0.5,-,-,0.6,0.4
벨기에,-,-,0.4,0.6,-,-,0.5,0.6,-,-,0.5,0.6,-,-,0.5,0.6,-,-,0.6,0.6,-,-,0.6,0.6,-,-,0.6,0.6,-,-,0.6,0.6,-,-,0.6,0.6,-,-,0.6,0.6,-,-,0.6,0.6,-,-,0.6,0.6,-,-,0.6,0.6,-,-,0.6,0.5,-,-,0.6,0.6,-,-,0.7,0.6,-,-,0.6,0.5,-,-,0.6,0.5,-,-,0.6,0.5,-,-,0.5,0.4,-,-,0.6,0.4,-,-,0.6,0.4,-,-,0.6,0.4,-,-,0.6,0.4,-,-,0.6,0.4,-,-,0.6,0.4,-,-,0.6,0.4,-,-,0.5,0.4,-,-,0.5,0.3
불가리아,-,-,0.2,0.2,-,-,0.2,0.2,-,-,0.2,0.2,-,-,0.1,0.2,-,-,0.1,0.1,-,-,0.1,0.1,-,-,0.1,0.1,-,-,0.1,0.1,-,-,0.1,0.1,-,-,0.1,0.1,-,-,0.1,0.1,-,-,0.1,0.1,-,-,0.1,0.1,-,-,0.1,0.1,-,-,0.1,0.1,-,-,0.1,0.1,-,-,0.1,0.1,-,-,0.1,0.1,-,-,0.1,0.1,-,-,0.1,0.1,-,-,0.1,0.1,-,-,0.1,0.1,-,-,0.1,0.1,-,-,0.1,0.1,-,-,0.1,0.1,-,-,0.1,0.1,-,-,0.1,0.1,-,-,0.1,0.1,-,-,0.1,0.1
크로아티아,-,-,0.1,-,-,-,0.1,-,-,-,0.1,-,-,-,0.1,-,-,-,0.1,-,-,-,0.1,-,-,-,0.1,-,-,-,0.1,-,-,-,0.1,-,-,-,0.1,-,-,-,0.1,-,-,-,0.1,-,-,-,0.1,-,-,-,0.1,-,-,-,0.1,-,-,-,0.1,-,-,-,0.1,-,-,-,0.1,-,-,-,0.1,-,-,-,0.1,-,-,-,0.1,-,-,-,0.1,-,-,-,0.1,0.1,-,-,0.1,0.1,-,-,0.1,0.1,-,-,0.1,0.1,-,-,0.1,0.1,-,-,0.1,0.1,-,-,0.1,0.1
체코,-,-,0.3,0.3,-,-,0.3,0.4,-,-,0.3,0.4,-,-,0.3,0.4,-,-,0.3,0.4,-,-,0.3,0.3,-,-,0.3,0.4,-,-,0.3,0.3,-,-,0.3,0.3,-,-,0.3,0.3,-,-,0.3,0.3,-,-,0.3,0.3,-,-,0.3,0.3,-,-,0.3,0.3,-,-,0.3,0.3,-,-,0.3,0.3,-,-,0.3,0.3,-,-,0.3,0.2,-,-,0.3,0.3,-,-,0.3,0.2,-,-,0.3,0.2,-,-,0.3,0.2,-,-,0.3,0.2,-,-,0.3,0.2,-,-,0.3,0.2,-,-,0.3,0.2,-,-,0.3,0.2,-,-,0.3,0.2,-,-,0.2,0.2
덴마크,0.2,0.2,0.1,0.2,0.2,0.3,0.2,0.2,0.3,0.4,0.2,0.2,0.3,0.3,0.2,0.2,0.3,0.3,0.2,0.2,0.3,0.3,0.2,0.2,0.3,0.3,0.2,0.2,0.3,0.3,0.2,0.2,0.3,0.3,0.2,0.2,0.4,0.3,0.2,0.2,0.4,0.4,0.2,0.2,0.4,0.4,0.2,0.2,0.3,0.3,0.2,0.2,0.4,0.3,0.2,0.2,0.3,0.3,0.2,0.1,0.3,0.3,0.2,0.2,0.2,0.2,0.2,0.1,0.2,0.2,0.1,0.1,0.2,0.1,0.1,0.1,0.2,0.1,0.1,0.1,0.2,0.1,0.1,0.1,0.2,0.1,0.1,0.1,0.2,0.1,0.1,0.1,0.2,0.1,0.1,0.1,0.1,0.1,0.1,0.1,0,0,0.1,0.1,0.1,0,0.1,0.1,0.1,0,0.1,0,0.1,0,0.1,0
에스토니아,-,-,0,-,-,-,0,-,-,-,0,-,-,-,0,-,-,-,0,-,-,-,0,-,-,-,0,-,-,-,0,-,-,-,0,-,-,-,0,-,-,-,0,-,-,-,0,-,-,-,0,-,-,-,0,-,-,-,0,-,-,-,0,-,-,-,0,-,-,-,0,-,-,-,0,-,-,-,0,-,-,-,0,-,-,-,0,-,-,-,0,0,-,-,0,0,-,-,0,0,-,-,0,0,-,-,0,0,-,-,0,0,-,-,0,0
핀란드,-,-,0.1,0.1,-,-,0.1,0.1,-,-,0.1,0.1,-,-,0.1,0.2,-,-,0.1,0.2,-,-,0.1,0.2,-,-,0.2,0.2,-,-,0.2,0.2,-,-,0.2,0.2,-,-,0.2,0.2,-,-,0.1,0.1,-,-,0.2,0.1,-,-,0.1,0.1,-,-,0.2,0.1,-,-,0.1,0.1,-,-,0.1,0.1,-,-,0.1,0.1,-,-,0.1,0.1,-,-,0.1,0.1,-,-,0.1,0.1,-,-,0.1,0.1,-,-,0.1,0.1,-,-,0.1,0.1,-,-,0.1,0.1,-,-,0.1,0.1,-,-,0.1,0.1,-,-,0.1,0.1,-,-,0,0,-,-,0,0
프랑스,-,-,1.2,1.5,-,-,1.4,1.6,-,-,1.3,1.5,-,-,1.4,1.6,-,-,1.4,1.6,-,-,1.5,1.6,-,-,1.6,1.7,-,-,1.6,1.6,-,-,1.6,1.7,-,-,1.7,1.7,-,-,1.7,1.6,-,-,1.7,1.5,-,-,1.6,1.4,-,-,1.7,1.4,-,-,1.6,1.4,-,-,1.8,1.5,-,-,1.5,1.3,-,-,1.6,1.3,-,-,1.6,1.3,-,-,1.4,1.1,-,-,1.5,1.1,-,-,1.6,1.2,-,-,1.6,1.2,-,-,1.5,1.1,-,-,1.6,1.1,-,-,1.5,1.1,-,-,1.5,1.1,-,-,1.4,1,-,-,1.2,0.8
독일,0.6,0.8,2.8,3.5,0.7,0.8,3.1,3.7,0.6,0.8,3,3.5,0.6,0.7,3,3.5,0.7,0.8,3,3.4,0.6,0.7,3,3.3,0.6,0.7,3.1,3.4,0.6,0.7,3.1,3.3,0.7,0.7,3.2,3.3,0.6,0.6,3.2,3.2,0.6,0.6,3.3,3.1,0.6,0.5,3.3,3.1,0.5,0.5,3.2,2.8,0.5,0.4,3.2,2.7,0.5,0.4,3,2.6,0.4,0.3,3.2,2.6,0.4,0.3,2.9,2.3,0.3,0.3,2.9,2.4,0.3,0.2,3.1,2.5,0.3,0.2,2.7,2.1,0.3,0.2,2.8,2.1,0.2,0.2,3.1,2.3,0.2,0.2,3.2,2.5,0.2,0.1,3.1,2.3,0.2,0.1,3.2,2.3,0.2,0.1,3.1,2.3,0.2,0.1,3.3,2.2,0.2,0.1,2.8,2,0.1,0.1,2.7,1.9
그리스,-,-,0,0,-,-,0,0,-,-,0,0,-,-,0,0,-,-,0.1,0.1,-,-,0.1,0.1,-,-,0.1,0.1,-,-,0.1,0.1,-,-,0.1,0.1,-,-,0.1,0.1,-,-,0.1,0.1,-,-,0.1,0.1,-,-,0.1,0.1,-,-,0.2,0.1,-,-,0.1,0.1,-,-,0.1,0.1,-,-,0.2,0.1,-,-,0.2,0.1,-,-,0.1,0.1,-,-,0.1,0.1,-,-,0.1,0.1,-,-,0.2,0.1,-,-,0.2,0.1,-,-,0.2,0.1,-,-,0.2,0.1,-,-,0.2,0.1,-,-,0.3,0.2,-,-,0.2,0.2,-,-,0.2,0.1
헝가리,-,-,0.4,0.5,-,-,0.4,0.5,-,-,0.4,0.5,-,-,0.4,0.5,-,-,0.4,0.5,-,-,0.4,0.4,-,-,0.4,0.5,-,-,0.5,0.5,-,-,0.5,0.5,-,-,0.5,0.5,-,-,0.5,0.4,-,-,0.5,0.4,-,-,0.4,0.4,-,-,0.4,0.5,-,-,0.4,0.4,-,-,0.4,0.4,-,-,0.4,0.3,-,-,0.4,0.3,-,-,0.3,0.3,-,-,0.3,0.2,-,-,0.3,0.3,-,-,0.3,0.3,-,-,0.4,0.3,-,-,0.3,0.2,-,-,0.4,0.2,-,-,0.4,0.3,-,-,0.4,0.3,-,-,0.3,0.2,-,-,0.3,0.2
아일랜드,-,-,0.1,0.1,-,-,0.1,0.1,-,-,0.1,0.1,-,-,0.1,0.1,-,-,0.1,0.1,-,-,0.1,0.2,-,-,0.2,0.2,-,-,0.2,0.2,-,-,0.2,0.2,-,-,0.2,0.2,-,-,0.1,0.1,-,-,0.2,0.2,-,-,0.2,0.2,-,-,0.2,0.2,-,-,0.2,0.2,-,-,0.2,0.2,-,-,0.2,0.1,-,-,0.2,0.1,-,-,0.2,0.1,-,-,0.2,0.1,-,-,0.2,0.1,-,-,0.2,0.1,-,-,0.2,0.1,-,-,0.2,0.1,-,-,0.2,0.1,-,-,0.2,0.1,-,-,0.2,0.1,-,-,0.2,0.1,-,-,0.2,0.1
이탈리아,0.7,0.9,1.9,2.3,0.7,0.8,1.9,2.3,0.7,0.8,2,2.4,0.7,0.8,2.2,2.5,0.6,0.7,2.3,2.7,0.6,0.6,2.4,2.7,0.5,0.6,2.5,2.6,0.5,0.5,2.4,2.6,0.5,0.5,2.7,2.7,0.4,0.4,2.8,2.7,0.4,0.4,3,2.9,0.4,0.3,2.9,2.7,0.3,0.3,2.9,2.6,0.3,0.3,2.9,2.6,0.3,0.2,2.7,2.4,0.3,0.2,2.8,2.4,0.3,0.2,2.7,2.2,0.3,0.2,2.6,2.1,0.3,0.2,2.4,1.9,0.2,0.2,2.1,1.7,0.2,0.2,2.3,1.8,0.2,0.1,2.4,1.8,0.2,0.1,2.6,2,0.2,0.1,2.5,1.8,0.2,0.1,2.5,1.8,0.1,0.1,2.4,1.8,0.1,0.1,2.6,1.8,0.1,0.1,2.3,1.7,0.1,0.1,2.1,1.5
라트비아,-,-,0,-,-,-,0,-,-,-,0,-,-,-,0,-,-,-,0,-,-,-,0,-,-,-,0,-,-,-,0.1,-,-,-,0.1,-,-,-,0.1,-,-,-,0.1,-,-,-,0.1,-,-,-,0.1,-,-,-,0.1,-,-,-,0.1,-,-,-,0.1,-,-,-,0.1,-,-,-,0.1,-,-,-,0.1,-,-,-,0,-,-,-,0,-,-,-,0,-,-,-,0,0,-,-,0,0,-,-,0,0,-,-,0,0,-,-,0,0,-,-,0,0,-,-,0,0
리투아니아,-,-,0.1,0.1,-,-,0.1,0.1,-,-,0.1,0.1,-,-,0.1,0.1,-,-,0.1,0.1,-,-,0.1,0.1,-,-,0.1,0.1,-,-,0.1,0.1,-,-,0.1,0.1,-,-,0.1,0.1,-,-,0.1,0.1,-,-,0.1,0.1,-,-,0.1,0.1,-,-,0.1,0.1,-,-,0.1,0.1,-,-,0.1,0.1,-,-,0.1,0.1,-,-,0.1,0.1,-,-,0.1,0.1,-,-,0.1,0.1,-,-,0.1,0.1,-,-,0.1,0.1,-,-,0.1,0.1,-,-,0.1,0.1,-,-,0.1,0.1,-,-,0.1,0.1,-,-,0.1,0.1,-,-,0.1,0,-,-,0.1,0
룩셈부르크,-,-,0,-,-,-,0,-,-,-,0,-,-,-,0,-,-,-,0,-,-,-,0,-,-,-,0,-,-,-,0,-,-,-,0,-,-,-,0.1,-,-,-,0,-,-,-,0.1,-,-,-,0,-,-,-,0,-,-,-,0,-,-,-,0.1,-,-,-,0,-,-,-,0,-,-,-,0,-,-,-,0,-,-,-,0,-,-,-,0,-,-,-,0,0,-,-,0,0,-,-,0,0,-,-,0,0,-,-,0,0,-,-,0,0,-,-,0,0
북마케도니아,-,-,-,-,-,-,-,-,-,-,-,-,-,-,0,-,-,-,0,-,-,-,0,-,-,-,0,-,-,-,0,-,-,-,0,-,-,-,0,-,-,-,0,-,-,-,0,-,-,-,0,-,-,-,0,-,-,-,0,-,-,-,0,-,-,-,0,-,-,-,0,-,-,-,0,-,-,-,0,-,-,-,0,-,-,-,0,-,-,-,0,0,-,-,0,0,-,-,0,0,-,-,0,0,-,-,0,0,-,-,0,0,-,-,0,0
네덜란드,2.5,3.2,1.5,1.8,2.9,3.5,1.6,1.9,2.6,3.1,1.5,1.8,2.4,2.8,1.5,1.7,2.3,2.6,1.5,1.7,2.2,2.4,1.5,1.6,2.3,2.5,1.5,1.6,2.3,2.4,1.5,1.6,2.2,2.2,1.5,1.5,2.6,2.5,1.5,1.5,2.4,2.2,1.5,1.4,2.3,2.1,1.4,1.3,2.2,2,1.4,1.2,2.6,2.2,1.5,1.3,2.4,2.1,1.5,1.3,2.7,2.2,1.7,1.4,2.5,1.9,1.5,1.2,2.5,1.9,1.4,1.1,2.6,2,1.4,1.1,2.2,1.6,1.2,0.9,1.7,1.2,1.2,0.9,1.6,1.1,1.3,0.9,1.4,1,1.3,1,1.2,0.8,1.3,0.9,1,0.7,1.3,0.9,0.7,0.5,1.3,1,0.6,0.4,1.3,0.9,0.5,0.4,1,0.7,0.4,0.2,0.9,0.6
노르웨이,1,1.3,0.1,0.1,1.3,1.7,0.1,0.1,1.5,1.9,0.1,0.2,1.6,1.9,0.1,0.2,1.7,2.1,0.1,0.2,1.8,2.1,0.2,0.2,1.9,2.2,0.1,0.2,2.3,2.6,0.2,0.2,2.6,2.8,0.2,0.2,2.8,2.9,0.2,0.2,3.1,3.1,0.2,0.2,3.2,3.1,0.2,0.2,3.2,3,0.2,0.1,3.6,3.3,0.2,0.1,3.7,3.5,0.2,0.1,3.8,3.4,0.1,0.1,3.6,3.1,0.1,0.1,4.1,3.4,0.1,0.1,3.9,3.2,0.1,0.1,3.9,3.1,0.2,0.1,4.2,3.3,0.2,0.1,4.2,3.3,0.2,0.1,4.5,3.3,0.2,0.1,4.4,3.1,0.2,0.1,4.1,2.9,0.2,0.1,4,2.9,0.2,0.1,4.1,2.8,0.2,0.1,4.4,3,0.1,0.1,4.2,2.9,0.1,0.1
폴란드,0.1,0.2,0.4,0.5,0.1,0.2,0.4,0.5,0.1,0.2,0.4,0.5,0.1,0.2,0.4,0.5,0.1,0.1,0.4,0.4,0.1,0.2,0.4,0.5,0.1,0.2,0.4,0.5,0.1,0.2,0.4,0.4,0.2,0.2,0.5,0.5,0.2,0.2,0.5,0.5,0.2,0.2,0.5,0.5,0.2,0.1,0.5,0.5,0.2,0.1,0.5,0.5,0.2,0.1,0.6,0.5,0.2,0.1,0.5,0.5,0.2,0.1,0.6,0.5,0.2,0.1,0.6,0.5,0.2,0.1,0.6,0.5,0.2,0.1,0.6,0.5,0.2,0.1,0.6,0.5,0.2,0.1,0.6,0.5,0.1,0.1,0.7,0.5,0.1,0.1,0.7,0.5,0.1,0.1,0.7,0.5,0.1,0.1,0.8,0.5,0.1,0.1,0.8,0.6,0.1,0.1,0.8,0.6,0.1,0.1,0.7,0.5,0.1,0.1,0.7,0.5
포르투갈,-,-,-,-,-,-,-,-,-,-,0,0,-,-,0,0,-,-,0.1,0.1,-,-,0.1,0.1,-,-,0.1,0.1,-,-,0.1,0.1,-,-,0.1,0.1,-,-,0.1,0.1,-,-,0.2,0.2,-,-,0.1,0.1,-,-,0.2,0.1,-,-,0.2,0.2,-,-,0.2,0.2,-,-,0.2,0.2,-,-,0.2,0.2,-,-,0.2,0.1,-,-,0.2,0.1,-,-,0.1,0.1,-,-,0.2,0.1,-,-,0.2,0.1,-,-,0.2,0.2,-,-,0.2,0.2,-,-,0.2,0.2,-,-,0.2,0.2,-,-,0.2,0.1,-,-,0.2,0.1,-,-,0.2,0.1
루마니아,0.6,0.9,0.8,1.1,0.6,0.8,0.8,1.1,0.5,0.7,0.7,0.9,0.5,0.6,0.6,0.8,0.5,0.6,0.6,0.7,0.5,0.6,0.6,0.7,0.5,0.5,0.6,0.7,0.4,0.5,0.6,0.7,0.4,0.5,0.6,0.7,0.4,0.5,0.6,0.6,0.4,0.4,0.6,0.6,0.4,0.4,0.6,0.6,0.4,0.4,0.5,0.5,0.4,0.4,0.5,0.5,0.4,0.4,0.4,0.4,0.4,0.3,0.5,0.4,0.4,0.3,0.5,0.4,0.4,0.3,0.5,0.4,0.4,0.3,0.4,0.4,0.4,0.3,0.4,0.3,0.4,0.3,0.4,0.3,0.3,0.3,0.4,0.3,0.4,0.3,0.4,0.3,0.4,0.2,0.4,0.3,0.3,0.2,0.4,0.3,0.3,0.2,0.4,0.3,0.3,0.2,0.4,0.3,0.3,0.2,0.3,0.2,0.3,0.2,0.3,0.2
러시아,19.5,25.1,13.4,17.1,19.9,24.5,13.5,16.4,18.8,23.2,12.4,15.2,19.5,23.4,12.9,15.6,19.6,22.9,12.9,15.2,19.3,21.9,13.2,14.9,19.3,21.1,13.4,14.9,19.7,21.3,13.6,14.6,20.5,21.4,13.9,14.6,21,21.2,14.2,14.5,21.2,20.8,14.4,14.2,21.8,20.6,15.2,14.6,21.7,19.9,15.4,14.2,22,19.6,15.2,13.7,19.3,17.7,14.3,13.1,21.5,18.4,15.3,13,22.2,18.4,15.7,13.1,21.7,17.7,15.4,12.5,22.1,17.9,15.3,12.3,21.3,16.7,15.2,12,21,16.1,14.7,11.2,21.2,16.2,15.1,11,22.9,17.3,15.5,11.6,24.1,17.3,16.4,11.8,24.4,17,16,11.3,23,16.6,15.2,10.8,25.3,17.4,15.5,11.8,22.3,15.3,16.1,10.4,21.1,14.4,16.3,11.3
슬로바키아,-,-,0.2,0.3,-,-,0.2,0.3,-,-,0.2,0.3,-,-,0.2,0.3,-,-,0.2,0.3,-,-,0.2,0.3,-,-,0.3,0.3,-,-,0.2,0.3,-,-,0.2,0.2,-,-,0.2,0.2,-,-,0.2,0.2,-,-,0.2,0.2,-,-,0.2,0.2,-,-,0.2,0.2,-,-,0.2,0.2,-,-,0.2,0.2,-,-,0.2,0.2,-,-,0.2,0.1,-,-,0.2,0.2,-,-,0.2,0.1,-,-,0.2,0.1,-,-,0.2,0.1,-,-,0.2,0.1,-,-,0.2,0.1,-,-,0.2,0.1,-,-,0.2,0.1,-,-,0.2,0.1,-,-,0.2,0.1,-,-,0.2,0.1
슬로베니아,-,-,0,-,-,-,0,-,-,-,0,-,-,-,0,-,-,-,0,-,-,-,0,-,-,-,0,-,-,-,0,-,-,-,0,-,-,-,0,-,-,-,0,-,-,-,0,-,-,-,0,-,-,-,0,-,-,-,0,-,-,-,0,-,-,-,0,-,-,-,0,-,-,-,0,-,-,-,0,-,-,-,0,-,-,-,0,-,-,-,0,0,-,-,0,0,-,-,0,0,-,-,0,0,-,-,0,0,-,-,0,0,-,-,0,0
스페인,-,-,0.3,0.4,-,-,0.4,0.4,-,-,0.5,0.5,-,-,0.5,0.6,-,-,0.6,0.6,-,-,0.6,0.7,-,-,0.7,0.7,-,-,0.8,0.8,-,-,0.9,0.9,-,-,1.1,1,-,-,1.2,1.2,-,-,1.3,1.2,-,-,1.3,1.2,-,-,1.5,1.3,-,-,1.3,1.2,-,-,1.3,1.1,-,-,1.2,1,-,-,1.2,0.9,-,-,1.1,0.9,-,-,1,0.8,-,-,1,0.8,-,-,1,0.8,-,-,1.1,0.9,-,-,1.1,0.8,-,-,1.3,0.9,-,-,1.2,0.8,-,-,1.2,0.8,-,-,1.2,0.8,-,-,1.1,0.7
스웨덴,-,-,0,0,-,-,0,0,-,-,0,0,-,-,0,0,-,-,0,0,-,-,0,0,-,-,0,0,-,-,0,0,-,-,0,0,-,-,0,0,-,-,0,0,-,-,0,0,-,-,0,0,-,-,0,0,-,-,0,0,-,-,0.1,0,-,-,0,0,-,-,0,0,-,-,0,0,-,-,0,0,-,-,0,0,-,-,0,0,-,-,0,0,-,-,0,0,-,-,0,0,-,-,0,0,-,-,0,0,-,-,0,0,-,-,0,0
스위스,-,-,0.1,0.1,-,-,0.1,0.1,-,-,0.1,0.1,-,-,0.1,0.1,-,-,0.1,0.1,-,-,0.1,0.1,-,-,0.1,0.1,-,-,0.1,0.1,-,-,0.1,0.1,-,-,0.1,0.1,-,-,0.1,0.1,-,-,0.1,0.1,-,-,0.1,0.1,-,-,0.1,0.1,-,-,0.1,0.1,-,-,0.1,0.1,-,-,0.1,0.1,-,-,0.1,0.1,-,-,0.1,0.1,-,-,0.1,0.1,-,-,0.1,0.1,-,-,0.1,0.1,-,-,0.1,0.1,-,-,0.1,0.1,-,-,0.1,0.1,-,-,0.1,0.1,-,-,0.1,0.1,-,-,0.1,0.1,-,-,0.1,0.1
우크라이나,0.6,0.8,2.6,3.5,0.6,0.7,3,3.6,0.6,0.8,2.7,3.2,0.6,0.7,2.5,2.9,0.6,0.7,2.7,3,0.6,0.7,2.7,2.9,0.6,0.7,2.6,2.8,0.6,0.7,2.5,2.7,0.7,0.7,2.6,2.7,0.7,0.7,2.6,2.5,0.7,0.7,2.6,2.5,0.7,0.6,2.5,2.4,0.7,0.6,2.4,2.1,0.7,0.6,2.3,2,0.7,0.6,1.8,1.6,0.7,0.6,2,1.6,0.7,0.6,2,1.7,0.7,0.6,1.9,1.5,0.7,0.6,1.7,1.3,0.7,0.5,1.5,1.1,0.7,0.5,1.2,0.8,0.7,0.5,1.1,0.8,0.7,0.5,1.1,0.8,0.7,0.5,1.1,0.8,0.7,0.5,1,0.7,0.7,0.5,1.1,0.8,0.7,0.5,1,0.6,0.6,0.4,0.7,0.5,0.6,0.4,0.7,0.5
영국,2.7,3.3,2.7,3.3,3.2,3.8,3.1,3.7,3.2,3.9,3.2,3.8,3.4,4,3.3,3.9,3.7,4.2,3.5,4,4.1,4.5,3.6,4,4,4.3,3.6,3.9,3.9,4.1,3.6,3.8,3.9,3.9,3.6,3.7,3.6,3.6,3.7,3.6,3.3,3.2,3.6,3.4,3,2.8,3.4,3.2,2.7,2.4,3.4,3.1,2.6,2.3,3.5,3.1,2.2,2,3.3,2.9,2.1,1.8,3.5,3,1.7,1.4,2.9,2.4,1.4,1.2,2.8,2.2,1.3,1.1,2.7,2.2,1.3,1.1,2.5,2,1.5,1.1,2.6,2,1.5,1.1,2.9,2.2,1.5,1.1,2.8,2.1,1.5,1,2.8,2,1.4,1,2.8,2,1.4,1,2.6,1.9,1.2,0.8,2.8,1.9,1.4,0.9,2.6,1.8,1.2,0.8,2.3,1.6
알제리,2.2,2.8,0.7,1,2.3,2.8,0.7,1,2.7,3.2,0.7,0.9,2.9,3.4,0.7,0.9,3.2,3.7,0.7,0.9,3.3,3.5,0.7,0.8,3.1,3.1,0.7,0.8,3.2,3.2,0.7,0.8,3.4,3.1,0.7,0.8,3.3,3,0.8,0.8,3.1,3.2,0.8,0.8,2.9,2.9,0.8,0.8,2.9,2.9,0.8,0.8,3,2.8,0.9,0.8,2.8,2.7,0.9,0.9,2.8,2.5,0.9,0.8,2.9,2.5,1,0.9,2.8,2.4,1.1,0.9,2.9,2.3,1.2,1,2.9,2.4,1.3,1.1,2.9,2.3,1.4,1.1,3.3,2.6,1.4,1.1,3.3,2.5,1.4,1.1,3.4,2.4,1.6,1.1,3.1,2.2,1.6,1.2,2.9,2.1,1.6,1.1,3.6,2.5,1.7,1.1,3.5,2.4,1.8,1.1,3.7,2.5,1.7,1.2
이집트,0.4,0.6,0.4,0.6,0.5,0.6,0.5,0.6,0.5,0.6,0.5,0.6,0.5,0.6,0.5,0.6,0.6,0.7,0.6,0.7,0.7,0.9,0.7,0.8,0.9,1,0.8,1,0.9,1.1,0.9,1,1,1.1,1,1.1,1.1,1.2,1.1,1.2,1.5,1.5,1.1,1.1,1.9,1.9,1.3,1.3,1.9,1.9,1.3,1.3,2,1.9,1.4,1.3,2.2,2.1,1.5,1.4,2.1,1.9,1.6,1.4,2.1,1.9,1.7,1.5,2.1,1.8,1.8,1.6,1.9,1.7,1.8,1.5,1.7,1.4,1.7,1.4,1.5,1.3,1.7,1.4,1.4,1.2,1.8,1.4,1.8,1.3,2,1.5,2.1,1.5,2.1,1.5,2.3,1.6,2.1,1.5,2.1,1.5,2.1,1.5,2.4,1.7,2.2,1.5,2.3,1.6,2.2,1.5,2.1,1.4,2.2,1.5
리비아,0.2,0.3,-,-,0.2,0.3,-,-,0.2,0.3,-,-,0.2,0.3,-,-,0.2,0.2,-,-,0.2,0.2,-,-,0.2,0.2,-,-,0.2,0.2,-,-,0.2,0.2,-,-,0.3,0.3,-,-,0.4,0.4,-,-,0.5,0.5,-,-,0.5,0.5,-,-,0.5,0.5,-,-,0.5,0.5,-,-,0.6,0.5,-,-,0.3,0.2,-,-,0.4,0.4,-,-,0.4,0.4,-,-,0.4,0.4,-,-,0.5,0.4,-,-,0.5,0.3,-,-,0.5,0.3,-,-,0.5,0.3,-,-,0.6,0.2,-,-,0.5,0.3,-,-,0.5,0.3,-,-,0.5,0.4,-,-,0.6,0.4,-,-
모로코,-,-,0,-,-,-,0,-,-,-,0,-,-,-,0,-,-,-,0,-,-,-,0,-,-,-,0,-,-,-,0,-,-,-,0,-,-,-,0,-,-,-,0,-,-,-,0,-,-,-,0,-,-,-,0,-,-,-,0,-,-,-,0,-,-,-,0,-,-,-,0,-,-,-,0,-,-,-,0,-,-,-,0,-,-,-,0,-,-,-,0,0,-,-,0,0,-,-,0,0,-,-,0,0,-,-,0,0,-,-,0,0,-,-,0,0
나이지리아,0.2,0.2,-,-,0.2,0.2,-,-,0.2,0.2,-,-,0.2,0.3,-,-,0.2,0.2,-,-,0.4,0.5,-,-,0.5,0.6,-,-,0.6,0.7,-,-,0.8,0.9,-,-,0.8,0.9,-,-,0.8,0.9,-,-,1,1,-,-,1.2,1.2,-,-,1.2,1.2,-,-,0.8,0.9,-,-,1.1,1.2,-,-,1.3,1.2,-,-,1.4,1.3,-,-,1.2,1.1,-,-,1.4,1.1,-,-,1.7,1.4,-,-,1.5,1.3,-,-,1.7,1.3,-,-,1.7,1.3,-,-,1.8,1.2,-,-,1.8,1.3,-,-,1.9,1.1,-,-,1.7,1,-,-,1.6,1.1,-,-
남아프리카공화국,-,-,0,0,-,-,0,0,-,-,0,0,-,-,0,0,-,-,0,0.1,-,-,0,0,-,-,0,0,-,-,0.1,0,-,-,0,0,-,-,0.1,0.1,-,-,0.1,0.1,-,-,0.1,0.1,-,-,0.1,0.1,-,-,0.1,0.1,-,-,0.1,0.1,-,-,0.1,0.1,-,-,0.2,0.1,-,-,0.2,0.1,-,-,0.1,0.1,-,-,0.2,0.1,-,-,0.2,0.1,-,-,0.1,0.1,-,-,0.1,0.1,-,-,0.2,0.1,-,-,0.2,0.1,-,-,0.1,0.1,-,-,0.2,0.1,-,-,0.2,0.1,-,-,0.2,0.1
오스트레일리아,1.1,1.4,0.7,0.9,1.1,1.3,0.7,0.9,1.1,1.3,0.7,0.9,1.1,1.3,0.7,0.9,1.1,1.3,0.7,0.9,1.1,1.3,0.7,0.8,1.2,1.3,0.8,0.9,1.2,1.3,0.8,0.9,1.2,1.3,0.8,0.9,1.3,1.3,0.8,0.8,1.4,1.3,0.8,0.8,1.5,1.3,0.9,0.9,1.5,1.3,1,0.9,1.5,1.2,1,0.8,1.7,1.4,1,0.9,1.9,1.4,1.1,0.8,2,1.4,1.2,0.8,2.1,1.3,1.2,0.6,2.2,1.3,1.3,0.5,2.3,1.6,1.4,0.9,2.7,1.9,1.4,1,3.4,2.6,1.4,1.2,4,3.1,1.3,1.1,4.6,3.4,1.3,1.1,5.3,3.8,1.6,1.4,5.2,3.7,1.5,1.1,5.3,3.6,1.4,1,5.6,3.8,1.6,1.1,5.5,3.7,1.4,1
뉴질랜드,-,-,0.2,0.2,-,-,0.2,0.2,-,-,0.2,0.2,-,-,0.2,0.2,-,-,0.2,0.2,-,-,0.2,0.2,-,-,0.2,0.2,-,-,0.2,0.2,-,-,0.2,0.2,-,-,0.1,0.1,-,-,0.1,0.1,-,-,0.1,0.1,-,-,0.2,0.1,-,-,0.1,0.1,-,-,0.1,0.1,-,-,0.2,0.1,-,-,0.1,0.1,-,-,0.2,0.1,-,-,0.2,0.1,-,-,0.2,0.1,-,-,0.2,0.1,-,-,0.2,0.1,-,-,0.2,0.1,-,-,0.2,0.1,-,-,0.2,0.1,-,-,0.2,0.1,-,-,0.1,0.1,-,-,0.1,0.1,-,-,0.1,0.1
